Title,Image,Info_URL,Name,ugrey_3text__divcontains_class_uv2spacerxstop,ugrey_3text__divcontains_class_uv2spacerxstop1,ubold_URL,ubold,utcapitalize,udinlineblock_URL,Score,uv2spacersmtop__divcontains_class_uv2spacerxstop,uv2spacersmtop__divcontains_class_uv2spacerxstop2,uv2spacermdtop_URL,ubold3,ubold4,cbtnlightmedium
Dietitian/Nutritionist,https://imagesx.practo.com/providers/edd039c6-9483-4b9c-830a-2ca7290ca4e2.jpg?i_type=t_100x100,https://www.practo.com/Chennai/therapist/preeti-raj-dietitian-nutritionist?specialization=dietitian/nutritionist,Dr. Preeti Raj   (PhD),14 years experience overall,years experience overall,https://www.practo.com/chennai/dietitian-nutritionist/anna-nagar,"Anna Nagar,",Chennai,https://www.practo.com/Chennai/clinic/wootu-nutrition-omr-road?specialization=dietitian/nutritionist,Wootu Nutrition - Anna Nagar,₹3000,Consultation fee at clinic,https://www.practo.com/Chennai/therapist/preeti-raj-dietitian-nutritionist/recommended?specialization=dietitian/nutritionist,Patient Stories,95% ,
Dietitian/Nutritionist,,https://www.practo.com/Chennai/therapist/jayavani-j-dietitian-nutritionist?specialization=dietitian/nutritionist,Ms. Jayavani.J,23 years experience overall,years experience overall,https://www.practo.com/chennai/dietitian-nutritionist/anna-nagar,"Anna Nagar,",Chennai,https://www.practo.com/Chennai/clinic/boston-brain-and-spine-care-anna-nagar?specialization=dietitian/nutritionist,Boston Brain and Spine Care,₹1000,Consultation fee at clinic,,,,
Dietitian/Nutritionist,,https://www.practo.com/Chennai/therapist/muthulakshmi-dietitian-nutritionist?specialization=dietitian/nutritionist,Ms. Muthulakshmi,13 years experience overall,years experience overall,https://www.practo.com/chennai/dietitian-nutritionist/kk-nagar,"KK Nagar,",Chennai,https://www.practo.com/Chennai/clinic/nutrizione-kk-nagar?specialization=dietitian/nutritionist,Nutrizione,₹2000,Consultation fee at clinic,https://www.practo.com/Chennai/therapist/muthulakshmi-dietitian-nutritionist/recommended?specialization=dietitian/nutritionist,Patient Stories,91% ,
Psychologist,,https://www.practo.com/Chennai/therapist/dr-anju-soni-psychologist?specialization=psychologist,Dr. Anju Soni   (PhD),7 years experience overall,years experience overall,https://www.practo.com/chennai/psychologist/choolai,"Choolai,",Chennai,https://www.practo.com/Chennai/clinic/coolwits-vepery?specialization=psychologist,COOLWITS,₹1300,Consultation fee at clinic,https://www.practo.com/Chennai/therapist/dr-anju-soni-psychologist/recommended?specialization=psychologist,Patient Stories,100% ,
Dietitian/Nutritionist,,https://www.practo.com/Chennai/therapist/yasodharai-karunagaran?specialization=dietitian/nutritionist,Ms. Yasodharai Karunagaran,36 years experience overall,years experience overall,https://www.practo.com/chennai/dietitian-nutritionist/pallikaranai,"Pallikaranai,",Chennai,https://www.practo.com/Chennai/clinic/diet-pallikaranai?specialization=dietitian/nutritionist,Yaso's Diet Clinic,₹500,Consultation fee at clinic,https://www.practo.com/Chennai/therapist/yasodharai-karunagaran/recommended?specialization=dietitian/nutritionist,Patient Stories,100% ,View Profile
Dietitian/Nutritionist,,https://www.practo.com/Chennai/therapist/ms-dt-shail-yadav?specialization=dietitian/nutritionist,Ms. Shail Yadav,12 years experience overall,years experience overall,https://www.practo.com/chennai/dietitian-nutritionist/omr-road,"OMR Road,",Chennai,https://www.practo.com/Chennai/clinic/infinity-diet-clinic-omr-road?specialization=dietitian/nutritionist,Infinity Diet Clinic,₹800,Consultation fee at clinic,https://www.practo.com/Chennai/therapist/ms-dt-shail-yadav/recommended?specialization=dietitian/nutritionist,Patient Story,1 Patient Story,View Profile
Dietitian/Nutritionist,,https://www.practo.com/Chennai/therapist/veena-subramaniam-dietitian-nutritionist?specialization=dietitian/nutritionist,Ms. Veena Subramaniam,9 years experience overall,years experience overall,https://www.practo.com/chennai/dietitian-nutritionist/anna-nagar,"Anna Nagar,",Chennai,https://www.practo.com/Chennai/clinic/wootu-nutrition-omr-road?specialization=dietitian/nutritionist,Wootu Nutrition - Anna Nagar,₹600,Consultation fee at clinic,,,,
Dietitian/Nutritionist,,https://www.practo.com/Chennai/therapist/nancy-j-dietitian-nutritionist?specialization=dietitian/nutritionist,Ms. Nancy J,7 years experience overall,years experience overall,https://www.practo.com/chennai/dietitian-nutritionist/perungudi,"Perungudi,",Chennai,https://www.practo.com/Chennai/clinic/wootu-nutrtion-omr-road?specialization=dietitian/nutritionist,Wootu Nutrition OMR,₹600,Consultation fee at clinic,https://www.practo.com/Chennai/therapist/nancy-j-dietitian-nutritionist/recommended?specialization=dietitian/nutritionist,Patient Stories,4 Patient Stories,
Dietitian/Nutritionist,,https://www.practo.com/Chennai/therapist/roshni-s-v?specialization=dietitian/nutritionist,Ms. Roshni S.V,5 years experience overall,years experience overall,https://www.practo.com/chennai/dietitian-nutritionist/ashok-nagar,"Ashok Nagar,",Chennai,https://www.practo.com/Chennai/clinic/dr-g-shanmugasundar-md-dm-pgimer-chandigarh-kk-nagar1?specialization=dietitian/nutritionist,"Magna Clinics for Obesity, Diabetes & Endocrinology",₹350,Consultation fee at clinic,https://www.practo.com/Chennai/therapist/roshni-s-v/recommended?specialization=dietitian/nutritionist,Patient Stories,94% ,View Profile
Dietitian/Nutritionist,,https://www.practo.com/Chennai/therapist/dr-divya-kp-dietitian-nutritionist?specialization=dietitian/nutritionist,Ms. Divya KP,8 years experience overall,years experience overall,https://www.practo.com/chennai/dietitian-nutritionist/t-nagar,"T Nagar,",Chennai,https://www.practo.com/Chennai/clinic/sano-holistic-nutrition-clinic-t-nagar?specialization=dietitian/nutritionist,Sano - Holistic Nutrition Clinic,₹2000,Consultation fee at clinic,https://www.practo.com/Chennai/therapist/dr-divya-kp-dietitian-nutritionist/recommended?specialization=dietitian/nutritionist,Patient Stories,4 Patient Stories,View Profile
Dietitian/Nutritionist,https://imagesx.practo.com/providers/4cad8d7c-73a5-41ca-96e2-85b939667d2e.jpg?i_type=t_100x100,https://www.practo.com/Chennai/therapist/mvl-sudharshana-dietitian-nutritionist?specialization=dietitian/nutritionist,Ms. MVL Sudharshana,4 years experience overall,years experience overall,https://www.practo.com/chennai/dietitian-nutritionist/t-nagar,"T Nagar,",Chennai,https://www.practo.com/Chennai/clinic/mvl-sudharshana-t-nagar?specialization=dietitian/nutritionist,MVL Sudharshana Nutritional Services,₹1000,Consultation fee at clinic,https://www.practo.com/Chennai/therapist/mvl-sudharshana-dietitian-nutritionist/recommended?specialization=dietitian/nutritionist,Patient Stories,2 Patient Stories,View Profile
Dietitian/Nutritionist,https://imagesx.practo.com/providers/1487cfdf-d17a-4047-bb37-77015a1bd456.jpg?i_type=t_100x100,https://www.practo.com/Chennai/therapist/reena-jain-3-dietitian-nutritionist?specialization=dietitian/nutritionist,Dr. Reena Jain   (PhD),5 years experience overall,years experience overall,https://www.practo.com/chennai/dietitian-nutritionist/purasawakkam,"Purasawakkam,",Chennai,https://www.practo.com/Chennai/clinic/singhvi-health-centre-purasawakkam?specialization=dietitian/nutritionist,Singhvi Health Centre,₹800,Consultation fee at clinic,https://www.practo.com/Chennai/therapist/reena-jain-3-dietitian-nutritionist/recommended?specialization=dietitian/nutritionist,Patient Stories,5 Patient Stories,View Profile
Dietitian/Nutritionist,,https://www.practo.com/Chennai/therapist/v-geetha-dietitian-nutritionist?specialization=dietitian/nutritionist,Ms. V.Geetha,7 years experience overall,years experience overall,https://www.practo.com/chennai/dietitian-nutritionist/medavakkam,"Medavakkam,",Chennai,https://www.practo.com/Chennai/clinic/wonderdietclinic-medavakkam?specialization=dietitian/nutritionist,Wonder Diet Clinic,₹500,Consultation fee at clinic,,,,View Profile
Dietitian/Nutritionist,,https://www.practo.com/Chennai/therapist/dr-mrs-imteyaz-dietitian-nutritionist?specialization=dietitian/nutritionist,Ms. Nafeesa Imteyaz,24 years experience overall,years experience overall,https://www.practo.com/chennai/dietitian-nutritionist/teynampet,"Teynampet,",Chennai,https://www.practo.com/Chennai/clinic/first-eat-right-teynampet?specialization=dietitian/nutritionist,First Eat Right,₹700,Consultation fee at clinic,https://www.practo.com/Chennai/therapist/dr-mrs-imteyaz-dietitian-nutritionist/recommended?specialization=dietitian/nutritionist,Patient Stories,98% ,View Profile
Dietitian/Nutritionist,,https://www.practo.com/Chennai/therapist/mrs-shiny-surendran?specialization=dietitian/nutritionist,Ms. Shiny Surendran,21 years experience overall,years experience overall,https://www.practo.com/chennai/dietitian-nutritionist/gopalapuram,"Gopalapuram,",Chennai,https://www.practo.com/Chennai/clinic/diet-clinic-nungambakkam?specialization=dietitian/nutritionist,Shiny's Diet Clinic,₹3000,Consultation fee at clinic,https://www.practo.com/Chennai/therapist/mrs-shiny-surendran/recommended?specialization=dietitian/nutritionist,Patient Stories,97% ,View Profile
Dietitian/Nutritionist,,https://www.practo.com/Chennai/therapist/uthara-shravan-dietitian-nutritionist-1?specialization=dietitian/nutritionist,Ms. Uthara Shravan,22 years experience overall,years experience overall,https://www.practo.com/chennai/dietitian-nutritionist/vadapalani,"Vadapalani,",Chennai,https://www.practo.com/Chennai/clinic/thyroid-and-endocrine-clinic-vadapalani?specialization=dietitian/nutritionist,Thyroid And Endocrine Clinic,₹800,Consultation fee at clinic,,,ON - CALL,
Dietitian/Nutritionist,,https://www.practo.com/Chennai/therapist/dr-shailja-jain-dietitian-nutritionist?specialization=dietitian/nutritionist,Dr. Shailja Jain   (PhD),15 years experience overall,years experience overall,https://www.practo.com/chennai/dietitian-nutritionist/omr-road,"OMR Road,",Chennai,https://www.practo.com/Chennai/clinic/shailja-s-prodiet-omr-road?specialization=dietitian/nutritionist,Shailja's ProDiet,₹1000,Consultation fee at clinic,,,ON - CALL,View Profile
Dietitian/Nutritionist,,https://www.practo.com/Chennai/therapist/ms-minacshi-pettukola-dietitian-nutritionist?specialization=dietitian/nutritionist,Ms. Minacshi Pettukola,8 years experience overall,years experience overall,https://www.practo.com/chennai/dietitian-nutritionist/alwarpet,"Alwarpet,",Chennai,https://www.practo.com/Chennai/clinic/qua-nutrition-chennai-ttk-road-alwarpet?specialization=dietitian/nutritionist,"Qua Nutrition, Chennai, TTK Road",₹500,Consultation fee at clinic,https://www.practo.com/Chennai/therapist/ms-minacshi-pettukola-dietitian-nutritionist/recommended?specialization=dietitian/nutritionist,Patient Stories,2 Patient Stories,View Profile
Dietitian/Nutritionist,,https://www.practo.com/Chennai/therapist/dr-anusha-17-dietitian-nutritionist?specialization=dietitian/nutritionist,Ms. Anusha Santhanakrishnan,9 years experience overall,years experience overall,https://www.practo.com/chennai/dietitian-nutritionist/adambakkam,"Adambakkam,",Chennai,https://www.practo.com/Chennai/hospital/ponmalligai-hospital-adambakkam-1?specialization=dietitian/nutritionist,Ponmalligai Hospital,₹500,Consultation fee at clinic,https://www.practo.com/Chennai/therapist/dr-anusha-17-dietitian-nutritionist/recommended?specialization=dietitian/nutritionist,Patient Stories,100% ,View Profile
Dietitian/Nutritionist,,https://www.practo.com/Chennai/therapist/shanthi-kaavery-dietitian-nutritionist?specialization=dietitian/nutritionist,Ms. Shanthi Kaavery,20 years experience overall,years experience overall,https://www.practo.com/chennai/dietitian-nutritionist/ecr-road,"ECR Road,",Chennai,https://www.practo.com/Chennai/clinic/shanthi-kaavery-s-elite-diet-studio-ecr-road?specialization=dietitian/nutritionist,Shanthi Kaavery's Elite Diet Studio,₹1000,Consultation fee at clinic,https://www.practo.com/Chennai/therapist/shanthi-kaavery-dietitian-nutritionist/recommended?specialization=dietitian/nutritionist,Patient Story,1 Patient Story,View Profile
Dietitian/Nutritionist,https://imagesx.practo.com/providers/4cad8d7c-73a5-41ca-96e2-85b939667d2e.jpg?i_type=t_100x100,https://www.practo.com/Chennai/therapist/mvl-sudharshana-dietitian-nutritionist?specialization=dietitian/nutritionist,Ms. MVL Sudharshana,4 years experience overall,years experience overall,https://www.practo.com/chennai/dietitian-nutritionist/t-nagar,"T Nagar,",Chennai,https://www.practo.com/Chennai/clinic/mvl-sudharshana-t-nagar?specialization=dietitian/nutritionist,MVL Sudharshana Nutritional Services,₹1000,Consultation fee at clinic,https://www.practo.com/Chennai/therapist/mvl-sudharshana-dietitian-nutritionist/recommended?specialization=dietitian/nutritionist,Patient Stories,2 Patient Stories,View Profile
Dietitian/Nutritionist,https://imagesx.practo.com/providers/1487cfdf-d17a-4047-bb37-77015a1bd456.jpg?i_type=t_100x100,https://www.practo.com/Chennai/therapist/reena-jain-3-dietitian-nutritionist?specialization=dietitian/nutritionist,Dr. Reena Jain   (PhD),5 years experience overall,years experience overall,https://www.practo.com/chennai/dietitian-nutritionist/purasawakkam,"Purasawakkam,",Chennai,https://www.practo.com/Chennai/clinic/singhvi-health-centre-purasawakkam?specialization=dietitian/nutritionist,Singhvi Health Centre,₹800,Consultation fee at clinic,https://www.practo.com/Chennai/therapist/reena-jain-3-dietitian-nutritionist/recommended?specialization=dietitian/nutritionist,Patient Stories,5 Patient Stories,View Profile
Dietitian/Nutritionist,,https://www.practo.com/Chennai/therapist/v-geetha-dietitian-nutritionist?specialization=dietitian/nutritionist,Ms. V.Geetha,7 years experience overall,years experience overall,https://www.practo.com/chennai/dietitian-nutritionist/medavakkam,"Medavakkam,",Chennai,https://www.practo.com/Chennai/clinic/wonderdietclinic-medavakkam?specialization=dietitian/nutritionist,Wonder Diet Clinic,₹500,Consultation fee at clinic,,,,View Profile
Dietitian/Nutritionist,,https://www.practo.com/Chennai/therapist/dr-mrs-imteyaz-dietitian-nutritionist?specialization=dietitian/nutritionist,Ms. Nafeesa Imteyaz,24 years experience overall,years experience overall,https://www.practo.com/chennai/dietitian-nutritionist/teynampet,"Teynampet,",Chennai,https://www.practo.com/Chennai/clinic/first-eat-right-teynampet?specialization=dietitian/nutritionist,First Eat Right,₹700,Consultation fee at clinic,https://www.practo.com/Chennai/therapist/dr-mrs-imteyaz-dietitian-nutritionist/recommended?specialization=dietitian/nutritionist,Patient Stories,98% ,View Profile
Dietitian/Nutritionist,,https://www.practo.com/Chennai/therapist/mrs-shiny-surendran?specialization=dietitian/nutritionist,Ms. Shiny Surendran,21 years experience overall,years experience overall,https://www.practo.com/chennai/dietitian-nutritionist/gopalapuram,"Gopalapuram,",Chennai,https://www.practo.com/Chennai/clinic/diet-clinic-nungambakkam?specialization=dietitian/nutritionist,Shiny's Diet Clinic,₹3000,Consultation fee at clinic,https://www.practo.com/Chennai/therapist/mrs-shiny-surendran/recommended?specialization=dietitian/nutritionist,Patient Stories,97% ,View Profile
Dietitian/Nutritionist,,https://www.practo.com/Chennai/therapist/uthara-shravan-dietitian-nutritionist-1?specialization=dietitian/nutritionist,Ms. Uthara Shravan,22 years experience overall,years experience overall,https://www.practo.com/chennai/dietitian-nutritionist/vadapalani,"Vadapalani,",Chennai,https://www.practo.com/Chennai/clinic/thyroid-and-endocrine-clinic-vadapalani?specialization=dietitian/nutritionist,Thyroid And Endocrine Clinic,₹800,Consultation fee at clinic,,,ON - CALL,
Dietitian/Nutritionist,,https://www.practo.com/Chennai/therapist/dr-shailja-jain-dietitian-nutritionist?specialization=dietitian/nutritionist,Dr. Shailja Jain   (PhD),15 years experience overall,years experience overall,https://www.practo.com/chennai/dietitian-nutritionist/omr-road,"OMR Road,",Chennai,https://www.practo.com/Chennai/clinic/shailja-s-prodiet-omr-road?specialization=dietitian/nutritionist,Shailja's ProDiet,₹1000,Consultation fee at clinic,,,ON - CALL,View Profile
Dietitian/Nutritionist,,https://www.practo.com/Chennai/therapist/ms-minacshi-pettukola-dietitian-nutritionist?specialization=dietitian/nutritionist,Ms. Minacshi Pettukola,8 years experience overall,years experience overall,https://www.practo.com/chennai/dietitian-nutritionist/alwarpet,"Alwarpet,",Chennai,https://www.practo.com/Chennai/clinic/qua-nutrition-chennai-ttk-road-alwarpet?specialization=dietitian/nutritionist,"Qua Nutrition, Chennai, TTK Road",₹500,Consultation fee at clinic,https://www.practo.com/Chennai/therapist/ms-minacshi-pettukola-dietitian-nutritionist/recommended?specialization=dietitian/nutritionist,Patient Stories,2 Patient Stories,View Profile
Dietitian/Nutritionist,,https://www.practo.com/Chennai/therapist/dr-anusha-17-dietitian-nutritionist?specialization=dietitian/nutritionist,Ms. Anusha Santhanakrishnan,9 years experience overall,years experience overall,https://www.practo.com/chennai/dietitian-nutritionist/adambakkam,"Adambakkam,",Chennai,https://www.practo.com/Chennai/hospital/ponmalligai-hospital-adambakkam-1?specialization=dietitian/nutritionist,Ponmalligai Hospital,₹500,Consultation fee at clinic,https://www.practo.com/Chennai/therapist/dr-anusha-17-dietitian-nutritionist/recommended?specialization=dietitian/nutritionist,Patient Stories,100% ,View Profile
Dietitian/Nutritionist,,https://www.practo.com/Chennai/therapist/shanthi-kaavery-dietitian-nutritionist?specialization=dietitian/nutritionist,Ms. Shanthi Kaavery,20 years experience overall,years experience overall,https://www.practo.com/chennai/dietitian-nutritionist/ecr-road,"ECR Road,",Chennai,https://www.practo.com/Chennai/clinic/shanthi-kaavery-s-elite-diet-studio-ecr-road?specialization=dietitian/nutritionist,Shanthi Kaavery's Elite Diet Studio,₹1000,Consultation fee at clinic,https://www.practo.com/Chennai/therapist/shanthi-kaavery-dietitian-nutritionist/recommended?specialization=dietitian/nutritionist,Patient Story,1 Patient Story,View Profile
Dietitian/Nutritionist,https://imagesx.practo.com/providers/4cad8d7c-73a5-41ca-96e2-85b939667d2e.jpg?i_type=t_100x100,https://www.practo.com/Chennai/therapist/mvl-sudharshana-dietitian-nutritionist?specialization=dietitian/nutritionist,Ms. MVL Sudharshana,4 years experience overall,years experience overall,https://www.practo.com/chennai/dietitian-nutritionist/t-nagar,"T Nagar,",Chennai,https://www.practo.com/Chennai/clinic/mvl-sudharshana-t-nagar?specialization=dietitian/nutritionist,MVL Sudharshana Nutritional Services,₹1000,Consultation fee at clinic,https://www.practo.com/Chennai/therapist/mvl-sudharshana-dietitian-nutritionist/recommended?specialization=dietitian/nutritionist,Patient Stories,2 Patient Stories,View Profile
Dietitian/Nutritionist,https://imagesx.practo.com/providers/1487cfdf-d17a-4047-bb37-77015a1bd456.jpg?i_type=t_100x100,https://www.practo.com/Chennai/therapist/reena-jain-3-dietitian-nutritionist?specialization=dietitian/nutritionist,Dr. Reena Jain   (PhD),5 years experience overall,years experience overall,https://www.practo.com/chennai/dietitian-nutritionist/purasawakkam,"Purasawakkam,",Chennai,https://www.practo.com/Chennai/clinic/singhvi-health-centre-purasawakkam?specialization=dietitian/nutritionist,Singhvi Health Centre,₹800,Consultation fee at clinic,https://www.practo.com/Chennai/therapist/reena-jain-3-dietitian-nutritionist/recommended?specialization=dietitian/nutritionist,Patient Stories,5 Patient Stories,View Profile
Dietitian/Nutritionist,,https://www.practo.com/Chennai/therapist/v-geetha-dietitian-nutritionist?specialization=dietitian/nutritionist,Ms. V.Geetha,7 years experience overall,years experience overall,https://www.practo.com/chennai/dietitian-nutritionist/medavakkam,"Medavakkam,",Chennai,https://www.practo.com/Chennai/clinic/wonderdietclinic-medavakkam?specialization=dietitian/nutritionist,Wonder Diet Clinic,₹500,Consultation fee at clinic,,,,View Profile
Dietitian/Nutritionist,,https://www.practo.com/Chennai/therapist/dr-mrs-imteyaz-dietitian-nutritionist?specialization=dietitian/nutritionist,Ms. Nafeesa Imteyaz,24 years experience overall,years experience overall,https://www.practo.com/chennai/dietitian-nutritionist/teynampet,"Teynampet,",Chennai,https://www.practo.com/Chennai/clinic/first-eat-right-teynampet?specialization=dietitian/nutritionist,First Eat Right,₹700,Consultation fee at clinic,https://www.practo.com/Chennai/therapist/dr-mrs-imteyaz-dietitian-nutritionist/recommended?specialization=dietitian/nutritionist,Patient Stories,98% ,View Profile
Dietitian/Nutritionist,,https://www.practo.com/Chennai/therapist/mrs-shiny-surendran?specialization=dietitian/nutritionist,Ms. Shiny Surendran,21 years experience overall,years experience overall,https://www.practo.com/chennai/dietitian-nutritionist/gopalapuram,"Gopalapuram,",Chennai,https://www.practo.com/Chennai/clinic/diet-clinic-nungambakkam?specialization=dietitian/nutritionist,Shiny's Diet Clinic,₹3000,Consultation fee at clinic,https://www.practo.com/Chennai/therapist/mrs-shiny-surendran/recommended?specialization=dietitian/nutritionist,Patient Stories,97% ,View Profile
Dietitian/Nutritionist,,https://www.practo.com/Chennai/therapist/uthara-shravan-dietitian-nutritionist-1?specialization=dietitian/nutritionist,Ms. Uthara Shravan,22 years experience overall,years experience overall,https://www.practo.com/chennai/dietitian-nutritionist/vadapalani,"Vadapalani,",Chennai,https://www.practo.com/Chennai/clinic/thyroid-and-endocrine-clinic-vadapalani?specialization=dietitian/nutritionist,Thyroid And Endocrine Clinic,₹800,Consultation fee at clinic,,,ON - CALL,
Dietitian/Nutritionist,,https://www.practo.com/Chennai/therapist/dr-shailja-jain-dietitian-nutritionist?specialization=dietitian/nutritionist,Dr. Shailja Jain   (PhD),15 years experience overall,years experience overall,https://www.practo.com/chennai/dietitian-nutritionist/omr-road,"OMR Road,",Chennai,https://www.practo.com/Chennai/clinic/shailja-s-prodiet-omr-road?specialization=dietitian/nutritionist,Shailja's ProDiet,₹1000,Consultation fee at clinic,,,ON - CALL,View Profile
Dietitian/Nutritionist,,https://www.practo.com/Chennai/therapist/ms-minacshi-pettukola-dietitian-nutritionist?specialization=dietitian/nutritionist,Ms. Minacshi Pettukola,8 years experience overall,years experience overall,https://www.practo.com/chennai/dietitian-nutritionist/alwarpet,"Alwarpet,",Chennai,https://www.practo.com/Chennai/clinic/qua-nutrition-chennai-ttk-road-alwarpet?specialization=dietitian/nutritionist,"Qua Nutrition, Chennai, TTK Road",₹500,Consultation fee at clinic,https://www.practo.com/Chennai/therapist/ms-minacshi-pettukola-dietitian-nutritionist/recommended?specialization=dietitian/nutritionist,Patient Stories,2 Patient Stories,View Profile
Dietitian/Nutritionist,,https://www.practo.com/Chennai/therapist/dr-anusha-17-dietitian-nutritionist?specialization=dietitian/nutritionist,Ms. Anusha Santhanakrishnan,9 years experience overall,years experience overall,https://www.practo.com/chennai/dietitian-nutritionist/adambakkam,"Adambakkam,",Chennai,https://www.practo.com/Chennai/hospital/ponmalligai-hospital-adambakkam-1?specialization=dietitian/nutritionist,Ponmalligai Hospital,₹500,Consultation fee at clinic,https://www.practo.com/Chennai/therapist/dr-anusha-17-dietitian-nutritionist/recommended?specialization=dietitian/nutritionist,Patient Stories,100% ,View Profile
Dietitian/Nutritionist,,https://www.practo.com/Chennai/therapist/shanthi-kaavery-dietitian-nutritionist?specialization=dietitian/nutritionist,Ms. Shanthi Kaavery,20 years experience overall,years experience overall,https://www.practo.com/chennai/dietitian-nutritionist/ecr-road,"ECR Road,",Chennai,https://www.practo.com/Chennai/clinic/shanthi-kaavery-s-elite-diet-studio-ecr-road?specialization=dietitian/nutritionist,Shanthi Kaavery's Elite Diet Studio,₹1000,Consultation fee at clinic,https://www.practo.com/Chennai/therapist/shanthi-kaavery-dietitian-nutritionist/recommended?specialization=dietitian/nutritionist,Patient Story,1 Patient Story,View Profile
Dietitian/Nutritionist,https://imagesx.practo.com/providers/4cad8d7c-73a5-41ca-96e2-85b939667d2e.jpg?i_type=t_100x100,https://www.practo.com/Chennai/therapist/mvl-sudharshana-dietitian-nutritionist?specialization=dietitian/nutritionist,Ms. MVL Sudharshana,4 years experience overall,years experience overall,https://www.practo.com/chennai/dietitian-nutritionist/t-nagar,"T Nagar,",Chennai,https://www.practo.com/Chennai/clinic/mvl-sudharshana-t-nagar?specialization=dietitian/nutritionist,MVL Sudharshana Nutritional Services,₹1000,Consultation fee at clinic,https://www.practo.com/Chennai/therapist/mvl-sudharshana-dietitian-nutritionist/recommended?specialization=dietitian/nutritionist,Patient Stories,2 Patient Stories,View Profile
Dietitian/Nutritionist,https://imagesx.practo.com/providers/1487cfdf-d17a-4047-bb37-77015a1bd456.jpg?i_type=t_100x100,https://www.practo.com/Chennai/therapist/reena-jain-3-dietitian-nutritionist?specialization=dietitian/nutritionist,Dr. Reena Jain   (PhD),5 years experience overall,years experience overall,https://www.practo.com/chennai/dietitian-nutritionist/purasawakkam,"Purasawakkam,",Chennai,https://www.practo.com/Chennai/clinic/singhvi-health-centre-purasawakkam?specialization=dietitian/nutritionist,Singhvi Health Centre,₹800,Consultation fee at clinic,https://www.practo.com/Chennai/therapist/reena-jain-3-dietitian-nutritionist/recommended?specialization=dietitian/nutritionist,Patient Stories,5 Patient Stories,View Profile
Dietitian/Nutritionist,,https://www.practo.com/Chennai/therapist/v-geetha-dietitian-nutritionist?specialization=dietitian/nutritionist,Ms. V.Geetha,7 years experience overall,years experience overall,https://www.practo.com/chennai/dietitian-nutritionist/medavakkam,"Medavakkam,",Chennai,https://www.practo.com/Chennai/clinic/wonderdietclinic-medavakkam?specialization=dietitian/nutritionist,Wonder Diet Clinic,₹500,Consultation fee at clinic,,,,View Profile
Dietitian/Nutritionist,,https://www.practo.com/Chennai/therapist/dr-mrs-imteyaz-dietitian-nutritionist?specialization=dietitian/nutritionist,Ms. Nafeesa Imteyaz,24 years experience overall,years experience overall,https://www.practo.com/chennai/dietitian-nutritionist/teynampet,"Teynampet,",Chennai,https://www.practo.com/Chennai/clinic/first-eat-right-teynampet?specialization=dietitian/nutritionist,First Eat Right,₹700,Consultation fee at clinic,https://www.practo.com/Chennai/therapist/dr-mrs-imteyaz-dietitian-nutritionist/recommended?specialization=dietitian/nutritionist,Patient Stories,98% ,View Profile
Dietitian/Nutritionist,,https://www.practo.com/Chennai/therapist/mrs-shiny-surendran?specialization=dietitian/nutritionist,Ms. Shiny Surendran,21 years experience overall,years experience overall,https://www.practo.com/chennai/dietitian-nutritionist/gopalapuram,"Gopalapuram,",Chennai,https://www.practo.com/Chennai/clinic/diet-clinic-nungambakkam?specialization=dietitian/nutritionist,Shiny's Diet Clinic,₹3000,Consultation fee at clinic,https://www.practo.com/Chennai/therapist/mrs-shiny-surendran/recommended?specialization=dietitian/nutritionist,Patient Stories,97% ,View Profile
Dietitian/Nutritionist,,https://www.practo.com/Chennai/therapist/uthara-shravan-dietitian-nutritionist-1?specialization=dietitian/nutritionist,Ms. Uthara Shravan,22 years experience overall,years experience overall,https://www.practo.com/chennai/dietitian-nutritionist/vadapalani,"Vadapalani,",Chennai,https://www.practo.com/Chennai/clinic/thyroid-and-endocrine-clinic-vadapalani?specialization=dietitian/nutritionist,Thyroid And Endocrine Clinic,₹800,Consultation fee at clinic,,,ON - CALL,
Dietitian/Nutritionist,,https://www.practo.com/Chennai/therapist/dr-shailja-jain-dietitian-nutritionist?specialization=dietitian/nutritionist,Dr. Shailja Jain   (PhD),15 years experience overall,years experience overall,https://www.practo.com/chennai/dietitian-nutritionist/omr-road,"OMR Road,",Chennai,https://www.practo.com/Chennai/clinic/shailja-s-prodiet-omr-road?specialization=dietitian/nutritionist,Shailja's ProDiet,₹1000,Consultation fee at clinic,,,ON - CALL,View Profile
Dietitian/Nutritionist,,https://www.practo.com/Chennai/therapist/ms-minacshi-pettukola-dietitian-nutritionist?specialization=dietitian/nutritionist,Ms. Minacshi Pettukola,8 years experience overall,years experience overall,https://www.practo.com/chennai/dietitian-nutritionist/alwarpet,"Alwarpet,",Chennai,https://www.practo.com/Chennai/clinic/qua-nutrition-chennai-ttk-road-alwarpet?specialization=dietitian/nutritionist,"Qua Nutrition, Chennai, TTK Road",₹500,Consultation fee at clinic,https://www.practo.com/Chennai/therapist/ms-minacshi-pettukola-dietitian-nutritionist/recommended?specialization=dietitian/nutritionist,Patient Stories,2 Patient Stories,View Profile
Dietitian/Nutritionist,,https://www.practo.com/Chennai/therapist/dr-anusha-17-dietitian-nutritionist?specialization=dietitian/nutritionist,Ms. Anusha Santhanakrishnan,9 years experience overall,years experience overall,https://www.practo.com/chennai/dietitian-nutritionist/adambakkam,"Adambakkam,",Chennai,https://www.practo.com/Chennai/hospital/ponmalligai-hospital-adambakkam-1?specialization=dietitian/nutritionist,Ponmalligai Hospital,₹500,Consultation fee at clinic,https://www.practo.com/Chennai/therapist/dr-anusha-17-dietitian-nutritionist/recommended?specialization=dietitian/nutritionist,Patient Stories,100% ,View Profile
Dietitian/Nutritionist,,https://www.practo.com/Chennai/therapist/shanthi-kaavery-dietitian-nutritionist?specialization=dietitian/nutritionist,Ms. Shanthi Kaavery,20 years experience overall,years experience overall,https://www.practo.com/chennai/dietitian-nutritionist/ecr-road,"ECR Road,",Chennai,https://www.practo.com/Chennai/clinic/shanthi-kaavery-s-elite-diet-studio-ecr-road?specialization=dietitian/nutritionist,Shanthi Kaavery's Elite Diet Studio,₹1000,Consultation fee at clinic,https://www.practo.com/Chennai/therapist/shanthi-kaavery-dietitian-nutritionist/recommended?specialization=dietitian/nutritionist,Patient Story,1 Patient Story,View Profile
Dietitian/Nutritionist,https://imagesx.practo.com/providers/4cad8d7c-73a5-41ca-96e2-85b939667d2e.jpg?i_type=t_100x100,https://www.practo.com/Chennai/therapist/mvl-sudharshana-dietitian-nutritionist?specialization=dietitian/nutritionist,Ms. MVL Sudharshana,4 years experience overall,years experience overall,https://www.practo.com/chennai/dietitian-nutritionist/t-nagar,"T Nagar,",Chennai,https://www.practo.com/Chennai/clinic/mvl-sudharshana-t-nagar?specialization=dietitian/nutritionist,MVL Sudharshana Nutritional Services,₹1000,Consultation fee at clinic,https://www.practo.com/Chennai/therapist/mvl-sudharshana-dietitian-nutritionist/recommended?specialization=dietitian/nutritionist,Patient Stories,2 Patient Stories,View Profile
Dietitian/Nutritionist,https://imagesx.practo.com/providers/1487cfdf-d17a-4047-bb37-77015a1bd456.jpg?i_type=t_100x100,https://www.practo.com/Chennai/therapist/reena-jain-3-dietitian-nutritionist?specialization=dietitian/nutritionist,Dr. Reena Jain   (PhD),5 years experience overall,years experience overall,https://www.practo.com/chennai/dietitian-nutritionist/purasawakkam,"Purasawakkam,",Chennai,https://www.practo.com/Chennai/clinic/singhvi-health-centre-purasawakkam?specialization=dietitian/nutritionist,Singhvi Health Centre,₹800,Consultation fee at clinic,https://www.practo.com/Chennai/therapist/reena-jain-3-dietitian-nutritionist/recommended?specialization=dietitian/nutritionist,Patient Stories,5 Patient Stories,View Profile
Dietitian/Nutritionist,,https://www.practo.com/Chennai/therapist/v-geetha-dietitian-nutritionist?specialization=dietitian/nutritionist,Ms. V.Geetha,7 years experience overall,years experience overall,https://www.practo.com/chennai/dietitian-nutritionist/medavakkam,"Medavakkam,",Chennai,https://www.practo.com/Chennai/clinic/wonderdietclinic-medavakkam?specialization=dietitian/nutritionist,Wonder Diet Clinic,₹500,Consultation fee at clinic,,,,View Profile
Dietitian/Nutritionist,,https://www.practo.com/Chennai/therapist/dr-mrs-imteyaz-dietitian-nutritionist?specialization=dietitian/nutritionist,Ms. Nafeesa Imteyaz,24 years experience overall,years experience overall,https://www.practo.com/chennai/dietitian-nutritionist/teynampet,"Teynampet,",Chennai,https://www.practo.com/Chennai/clinic/first-eat-right-teynampet?specialization=dietitian/nutritionist,First Eat Right,₹700,Consultation fee at clinic,https://www.practo.com/Chennai/therapist/dr-mrs-imteyaz-dietitian-nutritionist/recommended?specialization=dietitian/nutritionist,Patient Stories,98% ,View Profile
Dietitian/Nutritionist,,https://www.practo.com/Chennai/therapist/mrs-shiny-surendran?specialization=dietitian/nutritionist,Ms. Shiny Surendran,21 years experience overall,years experience overall,https://www.practo.com/chennai/dietitian-nutritionist/gopalapuram,"Gopalapuram,",Chennai,https://www.practo.com/Chennai/clinic/diet-clinic-nungambakkam?specialization=dietitian/nutritionist,Shiny's Diet Clinic,₹3000,Consultation fee at clinic,https://www.practo.com/Chennai/therapist/mrs-shiny-surendran/recommended?specialization=dietitian/nutritionist,Patient Stories,97% ,View Profile
Dietitian/Nutritionist,,https://www.practo.com/Chennai/therapist/uthara-shravan-dietitian-nutritionist-1?specialization=dietitian/nutritionist,Ms. Uthara Shravan,22 years experience overall,years experience overall,https://www.practo.com/chennai/dietitian-nutritionist/vadapalani,"Vadapalani,",Chennai,https://www.practo.com/Chennai/clinic/thyroid-and-endocrine-clinic-vadapalani?specialization=dietitian/nutritionist,Thyroid And Endocrine Clinic,₹800,Consultation fee at clinic,,,ON - CALL,
Dietitian/Nutritionist,,https://www.practo.com/Chennai/therapist/dr-shailja-jain-dietitian-nutritionist?specialization=dietitian/nutritionist,Dr. Shailja Jain   (PhD),15 years experience overall,years experience overall,https://www.practo.com/chennai/dietitian-nutritionist/omr-road,"OMR Road,",Chennai,https://www.practo.com/Chennai/clinic/shailja-s-prodiet-omr-road?specialization=dietitian/nutritionist,Shailja's ProDiet,₹1000,Consultation fee at clinic,,,ON - CALL,View Profile
Dietitian/Nutritionist,,https://www.practo.com/Chennai/therapist/ms-minacshi-pettukola-dietitian-nutritionist?specialization=dietitian/nutritionist,Ms. Minacshi Pettukola,8 years experience overall,years experience overall,https://www.practo.com/chennai/dietitian-nutritionist/alwarpet,"Alwarpet,",Chennai,https://www.practo.com/Chennai/clinic/qua-nutrition-chennai-ttk-road-alwarpet?specialization=dietitian/nutritionist,"Qua Nutrition, Chennai, TTK Road",₹500,Consultation fee at clinic,https://www.practo.com/Chennai/therapist/ms-minacshi-pettukola-dietitian-nutritionist/recommended?specialization=dietitian/nutritionist,Patient Stories,2 Patient Stories,View Profile
Dietitian/Nutritionist,,https://www.practo.com/Chennai/therapist/dr-anusha-17-dietitian-nutritionist?specialization=dietitian/nutritionist,Ms. Anusha Santhanakrishnan,9 years experience overall,years experience overall,https://www.practo.com/chennai/dietitian-nutritionist/adambakkam,"Adambakkam,",Chennai,https://www.practo.com/Chennai/hospital/ponmalligai-hospital-adambakkam-1?specialization=dietitian/nutritionist,Ponmalligai Hospital,₹500,Consultation fee at clinic,https://www.practo.com/Chennai/therapist/dr-anusha-17-dietitian-nutritionist/recommended?specialization=dietitian/nutritionist,Patient Stories,100% ,View Profile
Dietitian/Nutritionist,,https://www.practo.com/Chennai/therapist/shanthi-kaavery-dietitian-nutritionist?specialization=dietitian/nutritionist,Ms. Shanthi Kaavery,20 years experience overall,years experience overall,https://www.practo.com/chennai/dietitian-nutritionist/ecr-road,"ECR Road,",Chennai,https://www.practo.com/Chennai/clinic/shanthi-kaavery-s-elite-diet-studio-ecr-road?specialization=dietitian/nutritionist,Shanthi Kaavery's Elite Diet Studio,₹1000,Consultation fee at clinic,https://www.practo.com/Chennai/therapist/shanthi-kaavery-dietitian-nutritionist/recommended?specialization=dietitian/nutritionist,Patient Story,1 Patient Story,View Profile
Dietitian/Nutritionist,https://imagesx.practo.com/providers/4cad8d7c-73a5-41ca-96e2-85b939667d2e.jpg?i_type=t_100x100,https://www.practo.com/Chennai/therapist/mvl-sudharshana-dietitian-nutritionist?specialization=dietitian/nutritionist,Ms. MVL Sudharshana,4 years experience overall,years experience overall,https://www.practo.com/chennai/dietitian-nutritionist/t-nagar,"T Nagar,",Chennai,https://www.practo.com/Chennai/clinic/mvl-sudharshana-t-nagar?specialization=dietitian/nutritionist,MVL Sudharshana Nutritional Services,₹1000,Consultation fee at clinic,https://www.practo.com/Chennai/therapist/mvl-sudharshana-dietitian-nutritionist/recommended?specialization=dietitian/nutritionist,Patient Stories,2 Patient Stories,View Profile
Dietitian/Nutritionist,https://imagesx.practo.com/providers/1487cfdf-d17a-4047-bb37-77015a1bd456.jpg?i_type=t_100x100,https://www.practo.com/Chennai/therapist/reena-jain-3-dietitian-nutritionist?specialization=dietitian/nutritionist,Dr. Reena Jain   (PhD),5 years experience overall,years experience overall,https://www.practo.com/chennai/dietitian-nutritionist/purasawakkam,"Purasawakkam,",Chennai,https://www.practo.com/Chennai/clinic/singhvi-health-centre-purasawakkam?specialization=dietitian/nutritionist,Singhvi Health Centre,₹800,Consultation fee at clinic,https://www.practo.com/Chennai/therapist/reena-jain-3-dietitian-nutritionist/recommended?specialization=dietitian/nutritionist,Patient Stories,5 Patient Stories,View Profile
Dietitian/Nutritionist,,https://www.practo.com/Chennai/therapist/v-geetha-dietitian-nutritionist?specialization=dietitian/nutritionist,Ms. V.Geetha,7 years experience overall,years experience overall,https://www.practo.com/chennai/dietitian-nutritionist/medavakkam,"Medavakkam,",Chennai,https://www.practo.com/Chennai/clinic/wonderdietclinic-medavakkam?specialization=dietitian/nutritionist,Wonder Diet Clinic,₹500,Consultation fee at clinic,,,,View Profile
Dietitian/Nutritionist,,https://www.practo.com/Chennai/therapist/dr-mrs-imteyaz-dietitian-nutritionist?specialization=dietitian/nutritionist,Ms. Nafeesa Imteyaz,24 years experience overall,years experience overall,https://www.practo.com/chennai/dietitian-nutritionist/teynampet,"Teynampet,",Chennai,https://www.practo.com/Chennai/clinic/first-eat-right-teynampet?specialization=dietitian/nutritionist,First Eat Right,₹700,Consultation fee at clinic,https://www.practo.com/Chennai/therapist/dr-mrs-imteyaz-dietitian-nutritionist/recommended?specialization=dietitian/nutritionist,Patient Stories,98% ,View Profile
Dietitian/Nutritionist,,https://www.practo.com/Chennai/therapist/mrs-shiny-surendran?specialization=dietitian/nutritionist,Ms. Shiny Surendran,21 years experience overall,years experience overall,https://www.practo.com/chennai/dietitian-nutritionist/gopalapuram,"Gopalapuram,",Chennai,https://www.practo.com/Chennai/clinic/diet-clinic-nungambakkam?specialization=dietitian/nutritionist,Shiny's Diet Clinic,₹3000,Consultation fee at clinic,https://www.practo.com/Chennai/therapist/mrs-shiny-surendran/recommended?specialization=dietitian/nutritionist,Patient Stories,97% ,View Profile
Dietitian/Nutritionist,,https://www.practo.com/Chennai/therapist/uthara-shravan-dietitian-nutritionist-1?specialization=dietitian/nutritionist,Ms. Uthara Shravan,22 years experience overall,years experience overall,https://www.practo.com/chennai/dietitian-nutritionist/vadapalani,"Vadapalani,",Chennai,https://www.practo.com/Chennai/clinic/thyroid-and-endocrine-clinic-vadapalani?specialization=dietitian/nutritionist,Thyroid And Endocrine Clinic,₹800,Consultation fee at clinic,,,ON - CALL,
Dietitian/Nutritionist,,https://www.practo.com/Chennai/therapist/dr-shailja-jain-dietitian-nutritionist?specialization=dietitian/nutritionist,Dr. Shailja Jain   (PhD),15 years experience overall,years experience overall,https://www.practo.com/chennai/dietitian-nutritionist/omr-road,"OMR Road,",Chennai,https://www.practo.com/Chennai/clinic/shailja-s-prodiet-omr-road?specialization=dietitian/nutritionist,Shailja's ProDiet,₹1000,Consultation fee at clinic,,,ON - CALL,View Profile
Dietitian/Nutritionist,,https://www.practo.com/Chennai/therapist/ms-minacshi-pettukola-dietitian-nutritionist?specialization=dietitian/nutritionist,Ms. Minacshi Pettukola,8 years experience overall,years experience overall,https://www.practo.com/chennai/dietitian-nutritionist/alwarpet,"Alwarpet,",Chennai,https://www.practo.com/Chennai/clinic/qua-nutrition-chennai-ttk-road-alwarpet?specialization=dietitian/nutritionist,"Qua Nutrition, Chennai, TTK Road",₹500,Consultation fee at clinic,https://www.practo.com/Chennai/therapist/ms-minacshi-pettukola-dietitian-nutritionist/recommended?specialization=dietitian/nutritionist,Patient Stories,2 Patient Stories,View Profile
Dietitian/Nutritionist,,https://www.practo.com/Chennai/therapist/dr-anusha-17-dietitian-nutritionist?specialization=dietitian/nutritionist,Ms. Anusha Santhanakrishnan,9 years experience overall,years experience overall,https://www.practo.com/chennai/dietitian-nutritionist/adambakkam,"Adambakkam,",Chennai,https://www.practo.com/Chennai/hospital/ponmalligai-hospital-adambakkam-1?specialization=dietitian/nutritionist,Ponmalligai Hospital,₹500,Consultation fee at clinic,https://www.practo.com/Chennai/therapist/dr-anusha-17-dietitian-nutritionist/recommended?specialization=dietitian/nutritionist,Patient Stories,100% ,View Profile
Dietitian/Nutritionist,,https://www.practo.com/Chennai/therapist/shanthi-kaavery-dietitian-nutritionist?specialization=dietitian/nutritionist,Ms. Shanthi Kaavery,20 years experience overall,years experience overall,https://www.practo.com/chennai/dietitian-nutritionist/ecr-road,"ECR Road,",Chennai,https://www.practo.com/Chennai/clinic/shanthi-kaavery-s-elite-diet-studio-ecr-road?specialization=dietitian/nutritionist,Shanthi Kaavery's Elite Diet Studio,₹1000,Consultation fee at clinic,https://www.practo.com/Chennai/therapist/shanthi-kaavery-dietitian-nutritionist/recommended?specialization=dietitian/nutritionist,Patient Story,1 Patient Story,View Profile
Dietitian/Nutritionist,https://imagesx.practo.com/providers/4cad8d7c-73a5-41ca-96e2-85b939667d2e.jpg?i_type=t_100x100,https://www.practo.com/Chennai/therapist/mvl-sudharshana-dietitian-nutritionist?specialization=dietitian/nutritionist,Ms. MVL Sudharshana,4 years experience overall,years experience overall,https://www.practo.com/chennai/dietitian-nutritionist/t-nagar,"T Nagar,",Chennai,https://www.practo.com/Chennai/clinic/mvl-sudharshana-t-nagar?specialization=dietitian/nutritionist,MVL Sudharshana Nutritional Services,₹1000,Consultation fee at clinic,https://www.practo.com/Chennai/therapist/mvl-sudharshana-dietitian-nutritionist/recommended?specialization=dietitian/nutritionist,Patient Stories,2 Patient Stories,View Profile
Dietitian/Nutritionist,https://imagesx.practo.com/providers/1487cfdf-d17a-4047-bb37-77015a1bd456.jpg?i_type=t_100x100,https://www.practo.com/Chennai/therapist/reena-jain-3-dietitian-nutritionist?specialization=dietitian/nutritionist,Dr. Reena Jain   (PhD),5 years experience overall,years experience overall,https://www.practo.com/chennai/dietitian-nutritionist/purasawakkam,"Purasawakkam,",Chennai,https://www.practo.com/Chennai/clinic/singhvi-health-centre-purasawakkam?specialization=dietitian/nutritionist,Singhvi Health Centre,₹800,Consultation fee at clinic,https://www.practo.com/Chennai/therapist/reena-jain-3-dietitian-nutritionist/recommended?specialization=dietitian/nutritionist,Patient Stories,5 Patient Stories,View Profile
Dietitian/Nutritionist,,https://www.practo.com/Chennai/therapist/v-geetha-dietitian-nutritionist?specialization=dietitian/nutritionist,Ms. V.Geetha,7 years experience overall,years experience overall,https://www.practo.com/chennai/dietitian-nutritionist/medavakkam,"Medavakkam,",Chennai,https://www.practo.com/Chennai/clinic/wonderdietclinic-medavakkam?specialization=dietitian/nutritionist,Wonder Diet Clinic,₹500,Consultation fee at clinic,,,,View Profile
Dietitian/Nutritionist,,https://www.practo.com/Chennai/therapist/dr-mrs-imteyaz-dietitian-nutritionist?specialization=dietitian/nutritionist,Ms. Nafeesa Imteyaz,24 years experience overall,years experience overall,https://www.practo.com/chennai/dietitian-nutritionist/teynampet,"Teynampet,",Chennai,https://www.practo.com/Chennai/clinic/first-eat-right-teynampet?specialization=dietitian/nutritionist,First Eat Right,₹700,Consultation fee at clinic,https://www.practo.com/Chennai/therapist/dr-mrs-imteyaz-dietitian-nutritionist/recommended?specialization=dietitian/nutritionist,Patient Stories,98% ,View Profile
Dietitian/Nutritionist,,https://www.practo.com/Chennai/therapist/mrs-shiny-surendran?specialization=dietitian/nutritionist,Ms. Shiny Surendran,21 years experience overall,years experience overall,https://www.practo.com/chennai/dietitian-nutritionist/gopalapuram,"Gopalapuram,",Chennai,https://www.practo.com/Chennai/clinic/diet-clinic-nungambakkam?specialization=dietitian/nutritionist,Shiny's Diet Clinic,₹3000,Consultation fee at clinic,https://www.practo.com/Chennai/therapist/mrs-shiny-surendran/recommended?specialization=dietitian/nutritionist,Patient Stories,97% ,View Profile
Dietitian/Nutritionist,,https://www.practo.com/Chennai/therapist/uthara-shravan-dietitian-nutritionist-1?specialization=dietitian/nutritionist,Ms. Uthara Shravan,22 years experience overall,years experience overall,https://www.practo.com/chennai/dietitian-nutritionist/vadapalani,"Vadapalani,",Chennai,https://www.practo.com/Chennai/clinic/thyroid-and-endocrine-clinic-vadapalani?specialization=dietitian/nutritionist,Thyroid And Endocrine Clinic,₹800,Consultation fee at clinic,,,ON - CALL,
Dietitian/Nutritionist,,https://www.practo.com/Chennai/therapist/dr-shailja-jain-dietitian-nutritionist?specialization=dietitian/nutritionist,Dr. Shailja Jain   (PhD),15 years experience overall,years experience overall,https://www.practo.com/chennai/dietitian-nutritionist/omr-road,"OMR Road,",Chennai,https://www.practo.com/Chennai/clinic/shailja-s-prodiet-omr-road?specialization=dietitian/nutritionist,Shailja's ProDiet,₹1000,Consultation fee at clinic,,,ON - CALL,View Profile
Dietitian/Nutritionist,,https://www.practo.com/Chennai/therapist/ms-minacshi-pettukola-dietitian-nutritionist?specialization=dietitian/nutritionist,Ms. Minacshi Pettukola,8 years experience overall,years experience overall,https://www.practo.com/chennai/dietitian-nutritionist/alwarpet,"Alwarpet,",Chennai,https://www.practo.com/Chennai/clinic/qua-nutrition-chennai-ttk-road-alwarpet?specialization=dietitian/nutritionist,"Qua Nutrition, Chennai, TTK Road",₹500,Consultation fee at clinic,https://www.practo.com/Chennai/therapist/ms-minacshi-pettukola-dietitian-nutritionist/recommended?specialization=dietitian/nutritionist,Patient Stories,2 Patient Stories,View Profile
Dietitian/Nutritionist,,https://www.practo.com/Chennai/therapist/dr-anusha-17-dietitian-nutritionist?specialization=dietitian/nutritionist,Ms. Anusha Santhanakrishnan,9 years experience overall,years experience overall,https://www.practo.com/chennai/dietitian-nutritionist/adambakkam,"Adambakkam,",Chennai,https://www.practo.com/Chennai/hospital/ponmalligai-hospital-adambakkam-1?specialization=dietitian/nutritionist,Ponmalligai Hospital,₹500,Consultation fee at clinic,https://www.practo.com/Chennai/therapist/dr-anusha-17-dietitian-nutritionist/recommended?specialization=dietitian/nutritionist,Patient Stories,100% ,View Profile
Dietitian/Nutritionist,,https://www.practo.com/Chennai/therapist/shanthi-kaavery-dietitian-nutritionist?specialization=dietitian/nutritionist,Ms. Shanthi Kaavery,20 years experience overall,years experience overall,https://www.practo.com/chennai/dietitian-nutritionist/ecr-road,"ECR Road,",Chennai,https://www.practo.com/Chennai/clinic/shanthi-kaavery-s-elite-diet-studio-ecr-road?specialization=dietitian/nutritionist,Shanthi Kaavery's Elite Diet Studio,₹1000,Consultation fee at clinic,https://www.practo.com/Chennai/therapist/shanthi-kaavery-dietitian-nutritionist/recommended?specialization=dietitian/nutritionist,Patient Story,1 Patient Story,View Profile
Dietitian/Nutritionist,https://imagesx.practo.com/providers/4cad8d7c-73a5-41ca-96e2-85b939667d2e.jpg?i_type=t_100x100,https://www.practo.com/Chennai/therapist/mvl-sudharshana-dietitian-nutritionist?specialization=dietitian/nutritionist,Ms. MVL Sudharshana,4 years experience overall,years experience overall,https://www.practo.com/chennai/dietitian-nutritionist/t-nagar,"T Nagar,",Chennai,https://www.practo.com/Chennai/clinic/mvl-sudharshana-t-nagar?specialization=dietitian/nutritionist,MVL Sudharshana Nutritional Services,₹1000,Consultation fee at clinic,https://www.practo.com/Chennai/therapist/mvl-sudharshana-dietitian-nutritionist/recommended?specialization=dietitian/nutritionist,Patient Stories,2 Patient Stories,View Profile
Dietitian/Nutritionist,https://imagesx.practo.com/providers/1487cfdf-d17a-4047-bb37-77015a1bd456.jpg?i_type=t_100x100,https://www.practo.com/Chennai/therapist/reena-jain-3-dietitian-nutritionist?specialization=dietitian/nutritionist,Dr. Reena Jain   (PhD),5 years experience overall,years experience overall,https://www.practo.com/chennai/dietitian-nutritionist/purasawakkam,"Purasawakkam,",Chennai,https://www.practo.com/Chennai/clinic/singhvi-health-centre-purasawakkam?specialization=dietitian/nutritionist,Singhvi Health Centre,₹800,Consultation fee at clinic,https://www.practo.com/Chennai/therapist/reena-jain-3-dietitian-nutritionist/recommended?specialization=dietitian/nutritionist,Patient Stories,5 Patient Stories,View Profile
Dietitian/Nutritionist,,https://www.practo.com/Chennai/therapist/v-geetha-dietitian-nutritionist?specialization=dietitian/nutritionist,Ms. V.Geetha,7 years experience overall,years experience overall,https://www.practo.com/chennai/dietitian-nutritionist/medavakkam,"Medavakkam,",Chennai,https://www.practo.com/Chennai/clinic/wonderdietclinic-medavakkam?specialization=dietitian/nutritionist,Wonder Diet Clinic,₹500,Consultation fee at clinic,,,,View Profile
Dietitian/Nutritionist,,https://www.practo.com/Chennai/therapist/dr-mrs-imteyaz-dietitian-nutritionist?specialization=dietitian/nutritionist,Ms. Nafeesa Imteyaz,24 years experience overall,years experience overall,https://www.practo.com/chennai/dietitian-nutritionist/teynampet,"Teynampet,",Chennai,https://www.practo.com/Chennai/clinic/first-eat-right-teynampet?specialization=dietitian/nutritionist,First Eat Right,₹700,Consultation fee at clinic,https://www.practo.com/Chennai/therapist/dr-mrs-imteyaz-dietitian-nutritionist/recommended?specialization=dietitian/nutritionist,Patient Stories,98% ,View Profile
Dietitian/Nutritionist,,https://www.practo.com/Chennai/therapist/mrs-shiny-surendran?specialization=dietitian/nutritionist,Ms. Shiny Surendran,21 years experience overall,years experience overall,https://www.practo.com/chennai/dietitian-nutritionist/gopalapuram,"Gopalapuram,",Chennai,https://www.practo.com/Chennai/clinic/diet-clinic-nungambakkam?specialization=dietitian/nutritionist,Shiny's Diet Clinic,₹3000,Consultation fee at clinic,https://www.practo.com/Chennai/therapist/mrs-shiny-surendran/recommended?specialization=dietitian/nutritionist,Patient Stories,97% ,View Profile
Dietitian/Nutritionist,,https://www.practo.com/Chennai/therapist/uthara-shravan-dietitian-nutritionist-1?specialization=dietitian/nutritionist,Ms. Uthara Shravan,22 years experience overall,years experience overall,https://www.practo.com/chennai/dietitian-nutritionist/vadapalani,"Vadapalani,",Chennai,https://www.practo.com/Chennai/clinic/thyroid-and-endocrine-clinic-vadapalani?specialization=dietitian/nutritionist,Thyroid And Endocrine Clinic,₹800,Consultation fee at clinic,,,ON - CALL,
Dietitian/Nutritionist,,https://www.practo.com/Chennai/therapist/dr-shailja-jain-dietitian-nutritionist?specialization=dietitian/nutritionist,Dr. Shailja Jain   (PhD),15 years experience overall,years experience overall,https://www.practo.com/chennai/dietitian-nutritionist/omr-road,"OMR Road,",Chennai,https://www.practo.com/Chennai/clinic/shailja-s-prodiet-omr-road?specialization=dietitian/nutritionist,Shailja's ProDiet,₹1000,Consultation fee at clinic,,,ON - CALL,View Profile
Dietitian/Nutritionist,,https://www.practo.com/Chennai/therapist/ms-minacshi-pettukola-dietitian-nutritionist?specialization=dietitian/nutritionist,Ms. Minacshi Pettukola,8 years experience overall,years experience overall,https://www.practo.com/chennai/dietitian-nutritionist/alwarpet,"Alwarpet,",Chennai,https://www.practo.com/Chennai/clinic/qua-nutrition-chennai-ttk-road-alwarpet?specialization=dietitian/nutritionist,"Qua Nutrition, Chennai, TTK Road",₹500,Consultation fee at clinic,https://www.practo.com/Chennai/therapist/ms-minacshi-pettukola-dietitian-nutritionist/recommended?specialization=dietitian/nutritionist,Patient Stories,2 Patient Stories,View Profile
Dietitian/Nutritionist,,https://www.practo.com/Chennai/therapist/dr-anusha-17-dietitian-nutritionist?specialization=dietitian/nutritionist,Ms. Anusha Santhanakrishnan,9 years experience overall,years experience overall,https://www.practo.com/chennai/dietitian-nutritionist/adambakkam,"Adambakkam,",Chennai,https://www.practo.com/Chennai/hospital/ponmalligai-hospital-adambakkam-1?specialization=dietitian/nutritionist,Ponmalligai Hospital,₹500,Consultation fee at clinic,https://www.practo.com/Chennai/therapist/dr-anusha-17-dietitian-nutritionist/recommended?specialization=dietitian/nutritionist,Patient Stories,100% ,View Profile
Dietitian/Nutritionist,,https://www.practo.com/Chennai/therapist/shanthi-kaavery-dietitian-nutritionist?specialization=dietitian/nutritionist,Ms. Shanthi Kaavery,20 years experience overall,years experience overall,https://www.practo.com/chennai/dietitian-nutritionist/ecr-road,"ECR Road,",Chennai,https://www.practo.com/Chennai/clinic/shanthi-kaavery-s-elite-diet-studio-ecr-road?specialization=dietitian/nutritionist,Shanthi Kaavery's Elite Diet Studio,₹1000,Consultation fee at clinic,https://www.practo.com/Chennai/therapist/shanthi-kaavery-dietitian-nutritionist/recommended?specialization=dietitian/nutritionist,Patient Story,1 Patient Story,View Profile
Dietitian/Nutritionist,https://imagesx.practo.com/providers/4cad8d7c-73a5-41ca-96e2-85b939667d2e.jpg?i_type=t_100x100,https://www.practo.com/Chennai/therapist/mvl-sudharshana-dietitian-nutritionist?specialization=dietitian/nutritionist,Ms. MVL Sudharshana,4 years experience overall,years experience overall,https://www.practo.com/chennai/dietitian-nutritionist/t-nagar,"T Nagar,",Chennai,https://www.practo.com/Chennai/clinic/mvl-sudharshana-t-nagar?specialization=dietitian/nutritionist,MVL Sudharshana Nutritional Services,₹1000,Consultation fee at clinic,https://www.practo.com/Chennai/therapist/mvl-sudharshana-dietitian-nutritionist/recommended?specialization=dietitian/nutritionist,Patient Stories,2 Patient Stories,View Profile
Dietitian/Nutritionist,https://imagesx.practo.com/providers/1487cfdf-d17a-4047-bb37-77015a1bd456.jpg?i_type=t_100x100,https://www.practo.com/Chennai/therapist/reena-jain-3-dietitian-nutritionist?specialization=dietitian/nutritionist,Dr. Reena Jain   (PhD),5 years experience overall,years experience overall,https://www.practo.com/chennai/dietitian-nutritionist/purasawakkam,"Purasawakkam,",Chennai,https://www.practo.com/Chennai/clinic/singhvi-health-centre-purasawakkam?specialization=dietitian/nutritionist,Singhvi Health Centre,₹800,Consultation fee at clinic,https://www.practo.com/Chennai/therapist/reena-jain-3-dietitian-nutritionist/recommended?specialization=dietitian/nutritionist,Patient Stories,5 Patient Stories,View Profile
Dietitian/Nutritionist,,https://www.practo.com/Chennai/therapist/v-geetha-dietitian-nutritionist?specialization=dietitian/nutritionist,Ms. V.Geetha,7 years experience overall,years experience overall,https://www.practo.com/chennai/dietitian-nutritionist/medavakkam,"Medavakkam,",Chennai,https://www.practo.com/Chennai/clinic/wonderdietclinic-medavakkam?specialization=dietitian/nutritionist,Wonder Diet Clinic,₹500,Consultation fee at clinic,,,,View Profile
Dietitian/Nutritionist,,https://www.practo.com/Chennai/therapist/dr-mrs-imteyaz-dietitian-nutritionist?specialization=dietitian/nutritionist,Ms. Nafeesa Imteyaz,24 years experience overall,years experience overall,https://www.practo.com/chennai/dietitian-nutritionist/teynampet,"Teynampet,",Chennai,https://www.practo.com/Chennai/clinic/first-eat-right-teynampet?specialization=dietitian/nutritionist,First Eat Right,₹700,Consultation fee at clinic,https://www.practo.com/Chennai/therapist/dr-mrs-imteyaz-dietitian-nutritionist/recommended?specialization=dietitian/nutritionist,Patient Stories,98% ,View Profile
Dietitian/Nutritionist,,https://www.practo.com/Chennai/therapist/mrs-shiny-surendran?specialization=dietitian/nutritionist,Ms. Shiny Surendran,21 years experience overall,years experience overall,https://www.practo.com/chennai/dietitian-nutritionist/gopalapuram,"Gopalapuram,",Chennai,https://www.practo.com/Chennai/clinic/diet-clinic-nungambakkam?specialization=dietitian/nutritionist,Shiny's Diet Clinic,₹3000,Consultation fee at clinic,https://www.practo.com/Chennai/therapist/mrs-shiny-surendran/recommended?specialization=dietitian/nutritionist,Patient Stories,97% ,View Profile
Dietitian/Nutritionist,,https://www.practo.com/Chennai/therapist/uthara-shravan-dietitian-nutritionist-1?specialization=dietitian/nutritionist,Ms. Uthara Shravan,22 years experience overall,years experience overall,https://www.practo.com/chennai/dietitian-nutritionist/vadapalani,"Vadapalani,",Chennai,https://www.practo.com/Chennai/clinic/thyroid-and-endocrine-clinic-vadapalani?specialization=dietitian/nutritionist,Thyroid And Endocrine Clinic,₹800,Consultation fee at clinic,,,ON - CALL,
Dietitian/Nutritionist,,https://www.practo.com/Chennai/therapist/dr-shailja-jain-dietitian-nutritionist?specialization=dietitian/nutritionist,Dr. Shailja Jain   (PhD),15 years experience overall,years experience overall,https://www.practo.com/chennai/dietitian-nutritionist/omr-road,"OMR Road,",Chennai,https://www.practo.com/Chennai/clinic/shailja-s-prodiet-omr-road?specialization=dietitian/nutritionist,Shailja's ProDiet,₹1000,Consultation fee at clinic,,,ON - CALL,View Profile
Dietitian/Nutritionist,,https://www.practo.com/Chennai/therapist/ms-minacshi-pettukola-dietitian-nutritionist?specialization=dietitian/nutritionist,Ms. Minacshi Pettukola,8 years experience overall,years experience overall,https://www.practo.com/chennai/dietitian-nutritionist/alwarpet,"Alwarpet,",Chennai,https://www.practo.com/Chennai/clinic/qua-nutrition-chennai-ttk-road-alwarpet?specialization=dietitian/nutritionist,"Qua Nutrition, Chennai, TTK Road",₹500,Consultation fee at clinic,https://www.practo.com/Chennai/therapist/ms-minacshi-pettukola-dietitian-nutritionist/recommended?specialization=dietitian/nutritionist,Patient Stories,2 Patient Stories,View Profile
Dietitian/Nutritionist,,https://www.practo.com/Chennai/therapist/dr-anusha-17-dietitian-nutritionist?specialization=dietitian/nutritionist,Ms. Anusha Santhanakrishnan,9 years experience overall,years experience overall,https://www.practo.com/chennai/dietitian-nutritionist/adambakkam,"Adambakkam,",Chennai,https://www.practo.com/Chennai/hospital/ponmalligai-hospital-adambakkam-1?specialization=dietitian/nutritionist,Ponmalligai Hospital,₹500,Consultation fee at clinic,https://www.practo.com/Chennai/therapist/dr-anusha-17-dietitian-nutritionist/recommended?specialization=dietitian/nutritionist,Patient Stories,100% ,View Profile
Dietitian/Nutritionist,,https://www.practo.com/Chennai/therapist/shanthi-kaavery-dietitian-nutritionist?specialization=dietitian/nutritionist,Ms. Shanthi Kaavery,20 years experience overall,years experience overall,https://www.practo.com/chennai/dietitian-nutritionist/ecr-road,"ECR Road,",Chennai,https://www.practo.com/Chennai/clinic/shanthi-kaavery-s-elite-diet-studio-ecr-road?specialization=dietitian/nutritionist,Shanthi Kaavery's Elite Diet Studio,₹1000,Consultation fee at clinic,https://www.practo.com/Chennai/therapist/shanthi-kaavery-dietitian-nutritionist/recommended?specialization=dietitian/nutritionist,Patient Story,1 Patient Story,View Profile